Id,Expected
1178,24.190786440677968
4954,37.57255932203391
1269,29.612915254237276
5269,34.80366101694917
143,26.429721186440688
2531,24.03719152542372
3219,35.126031355932206
967,28.269025423728817
4567,32.008084745762716
5281,26.780720338983045
4662,31.74166101694913
3001,21.80587796610168
3508,30.23598305084744
2266,27.88452542372882
218,34.81247457627119
5501,20.319095762711868
3789,29.619068644067784
2262,25.878110169491528
1108,26.37143474576272
4679,30.024013559322032
674,31.077191525423718
5547,25.353281355932204
1395,26.191108474576264
3936,23.631814406779647
3706,22.05700254237287
415,22.613576271186428
4471,28.472906779661
4880,38.612728813559336
4335,25.920109322033888
1870,22.459760169491524
4115,29.747129661016956
2459,16.706578813559318
797,25.15955762711864
2918,30.686070338983054
1389,23.646364406779664
1927,22.467709322033887
2242,32.84578813559324
3284,29.802703389830523
650,29.720280508474573
4396,22.239456779661005
4877,37.83751694915255
1487,26.18500593220339
58,33.113793220338984
1820,28.089662711864403
5323,24.29310169491526
4795,40.144076271186435
5040,27.69238644067797
1832,25.149918644067778
1314,24.280186440677983
2296,27.84607627118645
3280,32.732796610169494
2111,26.458274576271194
4642,26.256915254237295
5817,26.988042372881356
2632,27.15987288135594
1248,25.308898305084742
611,30.39137627118644
3472,30.226144067796618
422,29.810025423728813
5463,29.190652542372884
2362,34.06673983050847
1441,26.253101694915262
2329,28.57360169491527
2937,23.34187966101694
3173,20.948661864406773
968,25.29811016949151
3270,30.092389830508484
4482,31.96561016949151
4738,36.94986440677966
1010,27.681075423728817
1888,25.72064322033897
1414,27.186152542372888
4136,24.37294830508475
5178,34.014838983050836
1143,22.809501694915244
1172,21.873972033898298
321,25.484402542372884
206,29.27522033898304
4815,35.97321694915256
5191,29.34591525423728
418,24.040371186440677
2838,22.154557627118646
523,28.164838983050853
1332,22.326296610169496
1787,28.265218644067787
200,26.20977881355932
4985,31.414449152542375
1894,17.890154237288133
1557,26.368660169491523
1410,31.774261016949154
4191,32.6947033898305
2634,28.399474576271178
4801,39.61906949152543
3914,28.357751694915258
3165,22.389255932203394
16,26.154600847457623
1432,23.039220338983032
146,24.25334915254237
3824,22.786068644067804
5169,23.487584745762707
1615,24.60009237288136
1205,31.339372881355914
1047,27.980567796610167
4895,37.475211864406795
1338,25.432364406779655
1666,26.90240677966102
5845,26.024731355932207
3530,24.384830508474586
2300,24.512938983050834
3949,25.277455932203388
1144,24.948838135593228
4613,27.63299152542373
5590,35.38752542372882
3449,31.073694915254237
1954,22.89882542372881
632,31.663989830508484
5208,34.35923474576271
4512,29.6393720338983
1087,25.9460872881356
4179,29.270883898305073
357,25.05983728813558
5572,31.8433813559322
4009,31.835228813559326
3417,24.16205084745762
2109,31.817621186440682
1377,28.00326949152542
3594,34.361847457627114
2728,43.14683898305086
1627,24.30492966101694
4767,44.12933898305086
323,22.46631610169491
4558,23.770751694915244
1864,22.530761016949157
2776,29.48099152542371
4890,37.633745762711875
989,23.386974576271175
2903,26.326014406779645
5575,30.226889830508487
1345,26.212244067796625
4228,38.0742881355932
2805,26.783993220338978
5186,29.64715169491527
5506,27.73432966101693
3089,29.036610169491535
4653,26.21409322033901
3384,34.327847457627115
3939,26.277991525423722
345,20.778456779661017
1678,26.37867627118644
3780,30.45984491525423
4902,39.59349152542372
5373,23.338994067796595
4428,27.254435593220325
3722,23.920322033898305
4527,30.802127966101697
2234,22.17654576271188
3360,34.85236440677966
5339,28.91820508474576
2444,24.79032966101696
4052,24.979855932203392
1985,27.218383898305078
4079,32.48827118644068
2025,22.6655220338983
1658,23.7959940677966
5512,25.361720338983048
2287,24.936796610169488
5221,29.124966101694913
3445,30.89903389830509
5147,26.09640593220338
3106,21.674998305084753
3809,27.72257627118645
2821,28.860923728813567
4480,30.511994915254252
1987,22.292652542372878
1932,22.22178983050847
1312,25.416135593220332
3131,24.057032203389834
3210,34.07605084745764
458,31.468999999999994
1535,26.94701694915253
470,32.50628559322035
732,36.01683305084747
439,31.255245762711862
1873,24.380301694915254
1792,25.52848135593219
5136,26.888965254237277
1731,25.463202542372873
2434,24.700391525423736
4300,23.872372033898284
3704,22.392655932203397
2371,35.021193220338986
1916,20.27116864406781
4002,21.17614322033898
2420,30.99083898305085
2739,28.104389830508474
260,32.23462711864406
4279,49.21462711864411
2170,28.914433050847464
1668,26.401922033898288
5002,26.18380508474576
4520,33.6142881355932
934,23.63665847457628
77,27.59079830508472
3031,27.907365254237295
2308,26.976738983050854
878,21.629444915254236
2992,21.31413983050848
3288,33.073245762711856
3463,31.016525423728808
1602,22.694831355932216
194,25.489391525423734
1216,27.866033898305094
1355,30.60525423728813
4408,30.821720338983056
4130,27.145351694915263
943,33.33668644067797
3600,30.07074576271185
9,28.15621779661017
702,31.379008474576274
491,29.61872966101696
2533,22.66623474576271
193,28.07977118644068
116,19.46510254237289
4719,44.03344915254238
4812,37.5972372881356
856,36.935537288135585
2445,28.010618644067776
1897,20.187166949152548
1789,22.27209576271186
563,24.934469491525423
3778,31.596059322033888
3153,26.11761440677966
3727,23.080544915254233
3900,32.529406779660995
1368,30.810176271186446
5751,28.944923728813563
2008,24.904382203389826
5602,33.44454237288135
4448,31.17773220338983
2239,25.86460000000001
2343,27.948509322033896
2024,27.173210169491526
3650,24.558822033898306
5366,29.90231355932204
3149,24.019217796610167
2811,37.540344067796624
5561,32.536508474576266
2213,29.412898305084738
4855,38.91264406779661
876,22.337688983050853
3770,30.923271186440676
1898,22.339867796610154
4268,33.410881355932204
3158,21.802427118644072
4030,30.84902627118645
4658,29.108311864406787
3783,28.267961016949133
5711,30.501405932203387
1688,26.491678813559343
3268,31.914922881355942
2701,24.667652542372895
5514,25.956049999999994
2645,28.798361016949144
215,23.061516101694913
3362,32.702576271186416
3956,26.226897457627107
3289,33.699508474576284
2904,29.312744915254225
1165,30.468911016949136
580,24.623832203389828
4149,28.262347457627126
4870,36.42325423728814
3245,31.86605084745762
3235,32.152567796610164
5110,26.837543220338997
2263,31.206499999999988
4720,22.43491186440677
672,30.754593220338997
3014,26.518266949152558
1020,29.132271186440683
3330,33.74393389830509
5605,32.03310762711864
3619,24.305915254237295
3166,24.08786355932203
2264,26.631073728813575
5686,27.869308474576272
2487,18.1739466101695
5400,24.224554237288142
3656,25.655207627118642
2292,25.2094627118644
2787,22.443518644067808
4418,29.558669491525418
690,25.684570338983058
5793,18.521973728813567
1128,24.722644915254243
873,25.63217711864407
4588,27.19645762711865
5065,33.34066355932203
1717,26.524822033898293
309,22.872977118644073
2929,21.13105084745763
3162,24.379127118644064
4759,36.21663220338982
1064,23.778549152542375
2214,27.24708474576272
4661,29.144594067796618
5824,27.86368644067797
1543,25.95237711864408
2469,16.23501101694914
5080,32.09064406779662
5259,36.95798305084745
3969,28.9798788135593
665,30.666008474576266
5106,37.75512966101694
1607,25.39577118644069
3251,27.846457627118635
5174,25.138121186440657
62,27.298975423728805
544,27.966560169491533
5294,31.266160169491542
3887,28.2868745762712
2635,23.275733898305095
5418,26.7648220338983
4693,35.11812881355932
620,27.92292118644068
4652,27.38095084745763
5596,39.96914406779662
2626,25.357118644067793
4391,19.759927118644065
5396,25.80904915254237
1896,21.34507711864407
1647,31.81045762711865
5819,26.609093220338988
4577,26.561634745762724
1036,28.589143220339
5144,26.921862711864403
2476,22.09900254237288
2960,23.2393186440678
1074,29.02797457627118
278,39.03755084745763
4695,36.70233728813559
2936,29.3105313559322
2935,26.8485313559322
2467,22.693838983050846
654,31.65109237288135
4034,31.342843220338995
1133,22.9610779661017
886,27.53176271186441
4424,26.81257711864405
1490,26.087364406779653
5168,29.28703389830508
1948,23.52451779661017
247,27.655542372881367
4437,28.314376271186454
5197,29.731398305084742
1783,28.778451694915255
4733,42.10411016949153
4781,22.973683898305076
74,28.508225423728806
4476,29.577565254237303
2419,42.52896610169491
3581,31.01280508474576
4430,22.426272033898304
5032,21.434059322033896
1540,20.922456779661008
2669,21.571903389830506
4470,32.83648305084746
4404,39.56011016949154
1141,24.33693305084745
2298,28.304561864406768
1574,18.323717796610175
5298,19.148015254237283
4499,28.887780508474584
1025,26.39890677966103
3051,21.487454237288144
4754,48.16604067796613
2954,27.545781355932192
1680,25.532423728813548
4918,38.935813559322035
3121,25.87059830508474
4047,31.228508474576266
1166,21.096355932203394
1623,16.40290254237288
5352,27.037288135593222
2536,24.142969491525413
1510,23.69061949152544
3473,29.7911220338983
63,27.44150508474575
2941,21.483777118644067
4056,29.97661610169492
3613,25.964733050847453
3931,27.08338983050847
3334,28.620268644067792
2470,22.286734745762708
5195,21.066681355932193
1275,24.249940677966105
445,32.94237457627119
5148,31.3597220338983
3459,34.726353389830514
1459,26.98840169491526
4429,34.126296610169476
1856,22.25330932203389
4440,40.64244915254237
3997,26.963016949152554
2867,30.24847457627119
3762,24.55077966101695
2322,26.252846610169478
2984,32.654317796610165
5560,27.365010169491537
5210,31.032771186440684
2846,31.695033898305095
5292,27.30680847457626
3385,30.956644067796603
3116,29.28769491525425
158,38.85906779661018
5243,23.915917796610167
4379,24.956077966101688
3977,23.663761016949156
5782,30.783423728813553
4951,30.392313559322034
226,29.4539406779661
1270,28.095135593220323
5130,27.791990677966105
694,37.58457372881356
3635,24.043510169491526
2563,30.980121186440684
4536,32.95336440677964
3950,25.326872881355936
2837,38.48605932203388
4547,28.67353389830508
1044,32.95530508474575
1816,23.396479661016947
4306,32.55291271186441
1498,30.6552940677966
3731,27.083592372881352
2441,21.499322881355933
5187,29.95567542372881
2842,31.174593220339
4387,25.43070932203389
5499,26.8785847457627
2091,30.66238813559323
1972,19.09395169491526
2133,24.070735593220327
4692,32.8825
5529,25.648948305084733
5604,33.57863728813557
859,29.535745762711887
3043,25.941736440677953
5407,27.18251525423729
1452,25.477289830508475
474,31.431824576271175
4178,26.084254237288143
3886,30.914338135593233
4581,28.963457627118633
1516,23.88504915254237
1145,26.92099999999999
4921,36.97238644067796
2489,26.78666101694915
339,22.66789152542373
3561,37.70357966101695
5479,29.789686440677954
5571,36.19750254237288
575,30.867287288135604
3252,27.607550847457613
515,34.58008813559322
3746,33.570452542372884
361,26.266613559322018
1583,25.663847457627124
2517,20.96869491525425
1353,32.86461864406778
2693,33.36601694915254
3109,19.74578644067797
2065,21.5498847457627
5117,23.024944067796604
5491,29.229161016949153
2117,26.619461016949156
3705,26.305279661016943
2046,23.978631355932176
5033,31.076720338983034
3359,26.504203389830504
2841,37.109406779661036
3247,28.802131355932175
1126,26.441931355932212
802,29.04876271186438
3169,21.177234745762703
211,30.40693220338982
4737,42.55489830508477
1749,28.32453050847457
2973,21.457345762711874
5777,26.78908474576271
1677,28.108448305084757
1579,23.72359915254238
2832,33.13509237288137
612,24.047459322033884
3987,28.809711864406765
704,33.082966101694915
4646,34.82669491525423
5527,29.428313559322035
4854,39.971158474576285
4770,39.14202033898306
4113,31.605610169491516
185,21.384754237288117
1065,31.089135593220334
2562,26.756338983050856
1598,18.33304152542374
5428,32.38530423728815
4989,33.52759322033898
2388,27.512349152542388
4319,24.608758474576266
4600,26.60287372881357
1110,21.86030423728813
2453,19.085411016949156
1435,23.91263728813561
3847,28.41578813559322
4152,28.895762711864414
3584,26.71488983050848
3350,27.592033898305083
1138,26.948998305084764
4332,23.618800000000007
1002,28.908103389830515
1196,26.97362118644068
5256,37.42023728813559
3468,29.78834745762712
3024,20.80028305084746
3660,17.15429237288135
246,28.983183050847476
4296,23.858564406779653
5361,25.88442372881356
453,30.889245762711877
1161,23.157265254237288
4760,37.35452711864407
3604,31.103113559322043
5264,30.50684830508476
5196,24.764896610169487
972,34.84572881355932
2535,21.068146610169485
997,24.743440677966106
2180,33.3524406779661
5037,26.334083050847475
2818,26.963761016949146
5026,23.68787966101695
990,27.074353389830502
245,27.012152542372874
4914,37.23440677966102
2069,23.377812711864404
776,32.58514491525425
5704,28.628355932203384
688,29.066655084745754
3421,28.055296610169492
4698,46.09196610169491
5314,29.967305084745767
4517,23.97967796610169
933,25.239599999999992
5313,28.574550847457633
2862,30.126969491525422
256,25.695949152542386
3760,31.743573728813555
1428,27.315050847457634
4308,27.328314406779654
3881,25.69157966101693
1570,25.075219491525427
5557,27.099076271186433
1646,23.82932966101695
4866,33.39451694915253
4830,23.02654745762711
1421,24.129988135593223
3117,24.329633898305094
5013,31.277531355932204
5783,30.016227966101713
297,22.74269915254237
4632,29.549043220338994
5450,25.390677966101695
2555,26.223035593220324
534,34.63649152542374
3179,30.587406779661023
4194,34.421728813559334
762,24.129168644067786
1298,32.4343813559322
186,28.918033050847455
2137,24.680694915254247
4863,29.096454237288143
5189,26.17895423728814
442,30.142096610169492
3830,33.46938983050848
18,31.475871186440674
4280,39.24073135593218
5128,28.767519491525416
940,24.1903813559322
4438,35.94061016949155
2340,28.26435508474576
3645,24.325461016949163
123,20.315166949152534
4838,38.406050847457635
3504,28.1408813559322
289,21.579655932203387
5265,24.877368644067797
3227,32.76654491525422
3176,23.492475423728806
4250,34.28446610169494
752,31.953162711864383
3327,33.03662711864406
3216,30.76898305084746
811,25.475264406779665
999,24.586938983050857
5541,25.43286779661017
3757,30.093101694915262
3541,38.766864406779646
4193,29.210923728813565
2042,25.496263559322035
701,33.27995932203389
5167,25.957560169491533
2030,28.473731355932216
79,26.828568644067797
3791,29.417186440677973
1641,26.32908305084744
5310,27.49342372881357
5549,27.943201694915256
3206,32.74573898305085
3571,32.9172966101695
4627,31.2093813559322
4206,28.720093220338978
2101,23.771405932203407
2282,26.440940677966093
5413,26.41635254237289
5857,24.658049152542354
3828,30.503796610169488
3693,25.704330508474577
4741,42.42851694915251
366,27.830084745762715
2599,36.66010169491526
2026,20.019329661016943
4552,28.17768474576273
310,25.500440677966115
2900,26.987126271186433
2951,28.520833898305085
2135,27.961864406779664
1347,29.167794067796603
2546,22.35422033898306
1409,26.36232033898305
3393,28.473262711864407
1099,28.38825508474576
1858,22.39003728813559
4412,32.40239830508475
5513,27.88355
4944,38.790288135593215
2808,31.081822033898305
5807,26.687949152542355
2649,31.000915254237302
1769,25.47242457627118
3835,27.62017711864406
4621,26.53206694915254
1596,22.709899999999998
3486,32.850669491525416
1190,21.180941525423723
721,37.89250847457626
4439,38.990830508474566
2747,23.16811525423729
305,14.710430508474568
3323,30.637754237288124
1713,38.27271186440677
4806,32.81798305084747
1046,31.838932203389817
1525,23.40983135593222
2578,31.232468644067787
5802,25.696661016949164
1649,26.21154999999998
2072,23.925567796610174
870,24.533558474576278
3957,30.224854237288152
3922,27.743872881355944
265,27.222203389830504
4177,26.233228813559304
4346,24.211296610169494
1188,25.248092372881363
4677,30.93868559322035
979,26.494330508474576
3919,26.566086440677957
490,29.908313559322018
5823,21.10490000000001
1256,26.93155084745761
3686,25.64007457627119
869,31.36599322033899
4053,33.44866101694913
3301,31.157144067796605
1949,25.634781355932198
4861,38.06098305084746
432,25.88992881355933
3557,34.04841525423728
3090,22.54190338983052
4663,28.81896355932205
1842,26.08296271186441
5495,24.531204237288144
526,24.689899152542377
4578,25.666847457627135
3072,18.625631355932217
301,24.061525423728817
2503,26.592277966101683
3455,29.59127966101694
5088,27.33825508474576
3136,22.93141101694915
1885,17.217170338983053
909,28.766338983050826
2797,37.49415254237289
2395,34.14001186440679
1026,25.141584745762703
1304,30.97394915254236
2084,18.825260169491532
1935,24.84477627118644
5713,36.98872033898305
3462,33.4538220338983
1491,29.419429661016956
842,31.207677966101695
761,42.559440677966094
3618,23.420059322033897
2848,27.211441525423737
3189,29.211059322033897
5865,24.446391525423717
3457,27.534372033898318
379,17.63596016949153
5415,28.124528813559326
467,32.334169491525415
1676,25.069432203389834
5765,24.936932203389834
5328,20.749449152542375
3701,22.756757627118642
2032,22.847038983050837
564,25.16286694915255
15,27.52951525423727
5552,27.746879661016948
2887,29.331228813559335
1847,23.075861016949148
3122,25.34326949152543
2958,26.842228813559323
1686,22.871590677966097
4664,31.577432203389826
1840,25.070812711864427
2407,24.230038983050836
3067,25.81232966101695
5477,26.797169491525423
4937,29.53712711864406
827,32.56528898305087
3095,22.17383305084746
2359,27.71287966101694
1967,28.268576271186433
2390,27.137527966101693
5531,30.369627118644075
4584,26.640135593220336
4351,25.77156779661017
3825,26.136593220338995
81,24.235372881355925
1265,27.006855932203386
3423,30.977864406779652
5755,33.59348305084747
3893,23.456984745762718
1659,25.794491525423712
1251,27.043872881355917
810,26.83166101694914
4325,22.84135423728814
2303,23.83415254237287
2232,26.28209322033898
5585,30.354161016949153
850,32.224988983050835
96,23.74788135593221
5427,33.708933050847456
3928,22.380584745762725
4617,29.445703389830516
4029,25.03162711864407
4386,25.49698389830509
2070,27.22201271186441
686,27.871906779661003
2365,31.69934067796609
5457,25.639134745762707
3387,25.915322033898317
2295,25.349195762711876
1401,26.68503389830509
5600,31.154652542372872
5875,22.183544067796614
5387,20.91522542372881
2590,31.23401949152541
2890,27.238001694915233
1268,31.88807627118644
751,24.477711864406775
4068,26.25254406779662
2093,28.36841016949153
5486,24.88300847457627
941,29.069666949152555
1449,29.48512711864406
4271,33.073593220338985
3849,25.13712711864405
1043,29.154093220338982
530,26.504201694915256
3038,33.47867627118645
3134,24.54379576271186
147,23.195534745762725
1626,26.1997627118644
4458,27.31655932203389
1276,31.095322033898317
4910,33.677202542372896
4234,34.4586186440678
5326,25.16695084745763
4594,26.450347457627128
1712,35.92494152542373
1959,21.738958474576282
2878,33.367082203389856
4147,30.217327966101692
2548,29.59633728813557
2993,26.840786440677984
2311,26.6459338983051
2711,23.32598305084745
1732,26.688355932203372
3154,30.273695762711878
4091,32.77738983050847
298,26.425704237288134
1886,18.062955932203387
353,15.914089830508464
1914,19.572758474576265
258,31.128508474576268
3785,27.291177118644047
4094,26.68707627118646
4390,28.25770000000001
5691,36.373966101694926
706,33.09226271186441
1423,30.29514576271187
782,23.191134745762707
4263,37.84950847457625
4259,37.777652542372884
5656,36.344483050847465
5562,39.09824491525424
4685,24.40756694915254
1335,24.281855932203378
2228,25.316525423728823
5565,28.069940677966102
3194,33.63259661016949
3105,24.999280508474566
3820,27.539196610169483
296,19.228618644067787
5283,25.957672033898294
1192,25.131649152542376
2277,31.18671949152544
1003,30.520540677966114
553,33.08533050847458
68,25.34577711864407
5389,23.759385593220333
1289,28.50349999999999
262,28.974762711864404
1697,22.51646440677965
3774,27.3805406779661
4185,30.166008474576255
2336,25.05286440677966
5740,29.92939830508475
3663,24.409593220338994
4648,23.882440677966112
4569,27.13510169491524
5062,34.314380508474585
4506,24.640012711864394
1689,27.979381355932194
221,27.28162203389831
4799,41.81889830508474
4595,31.866550847457628
4165,25.513161016949148
267,33.25857627118645
394,23.199343220338992
4212,34.001559322033906
503,33.566144067796614
4968,28.968966101694903
4035,25.898827966101692
4943,39.12151694915255
3941,26.77723728813561
5698,37.15950847457628
5405,27.59142372881356
3521,25.976398305084757
2122,31.33681525423729
5099,31.185361864406783
4326,27.265679661016936
5712,34.33459406779661
5441,28.95625338983051
2898,24.75732372881356
5063,31.632777118644075
1684,21.941778813559317
2865,33.92786355932204
3672,26.44080423728813
5152,24.226477966101683
4771,42.23205084745763
4086,27.522260169491535
4455,32.1135847457627
2606,23.957694915254237
4238,29.736968644067804
274,26.379438135593215
2969,29.877216949152544
4958,33.70925423728814
3720,24.625050847457626
2901,28.89011949152542
3544,29.45981440677967
1136,24.957025423728815
4090,28.148847457627134
5582,40.51877966101696
5009,25.080355084745754
993,24.384067796610182
4597,29.54709322033899
4060,30.51913728813559
983,25.36251694915255
3610,32.99273728813561
5384,25.67793813559321
3518,37.841906779661024
4645,26.168291525423715
1483,28.39135593220339
4550,29.36311016949155
2923,27.89504237288136
1057,24.814277966101677
5368,29.070318644067786
4580,30.515940677966118
2920,29.994346610169497
2299,27.48044237288136
4077,28.922620338983048
1224,28.900703389830515
1193,21.802829661016958
825,36.1106805084746
5663,37.04566101694917
5356,30.472144067796595
3903,28.717169491525432
212,34.419855932203376
3781,27.377459322033886
1122,22.23478898305084
1103,30.761880508474572
137,24.98691779661018
330,22.82309491525424
3605,33.04368559322035
4197,26.224917796610168
867,33.2353466101695
2856,28.276033898305077
1447,25.07311864406779
1431,19.20197118644067
4260,33.27597966101694
2305,23.842829661016943
4316,25.6972847457627
1775,22.647990677966114
378,23.2882474576271
3869,30.56831355932205
2915,33.156610169491536
5636,31.61873728813558
3172,24.13249661016948
1158,19.39712711864407
3333,28.4690593220339
2926,33.32438644067797
5138,25.970855932203374
2284,27.58495084745763
3049,24.39680508474576
1098,26.38066864406779
2559,20.95355508474577
4841,33.99008305084746
3578,33.1778220338983
5093,25.38788813559322
120,24.020061016949153
5067,28.9429406779661
3220,33.725093220338984
3260,35.385830508474584
4940,37.96763559322035
2409,22.536238983050843
3689,23.441872881355913
4545,30.14626271186439
5716,35.5324161016949
1360,25.654186440677964
5655,33.62304237288135
1309,24.393318644067794
2906,29.64691525423728
4409,33.840067796610164
444,34.39933898305085
5160,23.29049576271187
2132,19.40488050847458
4082,26.110507627118658
4500,28.04009406779661
2195,27.345805084745752
757,31.239101694915252
5274,36.00977118644068
3915,25.841302542372876
4493,32.749813559322014
835,32.868638135593216
4365,25.20713983050847
5046,24.198812711864417
4208,30.492271186440675
1645,24.868449152542368
1109,26.827604237288135
3818,29.07766101694915
84,28.766288983050845
3230,29.97487542372883
2197,30.433372881355925
5607,35.81708135593219
579,30.84243813559323
3239,27.625499999999995
5523,31.472011016949157
3044,25.492203389830518
240,30.023928813559312
1952,28.360897457627118
2378,29.02132881355932
2938,25.188571186440683
1390,30.822559322033886
954,26.594991525423737
4023,28.744977118644073
1066,25.249694915254217
4253,45.72202542372879
1965,22.110514406779668
3963,21.600132203389833
203,30.537538983050855
1439,24.339884745762717
5724,38.76530508474577
2509,18.686299152542375
2047,30.12256101694916
2000,24.535576271186443
165,38.20507627118643
4207,32.36792288135595
899,26.819499999999998
3228,35.48090677966102
1142,24.038012711864386
808,33.788694915254254
4800,39.39731355932205
4939,39.17522881355933
2176,39.6897033898305
1384,26.7224906779661
5021,27.165494915254236
1493,31.781092372881343
3076,23.852837288135586
5200,25.652021186440663
3751,27.478381355932186
4108,30.111888135593226
2516,18.06944999999999
2641,25.301347457627127
529,32.39549152542374
3379,28.60576271186439
2532,28.323244915254254
393,22.08055677966102
2215,28.22226016949152
405,21.767338983050845
1281,27.212177966101688
1636,24.538245762711885
191,26.70902542372881
5535,27.345500847457632
5336,28.810652542372882
2545,30.78632203389831
1250,23.71443220338982
2073,24.721858474576273
2189,27.640607627118648
5095,29.895378813559315
2501,16.745521186440676
3356,29.146610169491513
155,33.17681864406779
1992,27.21992033898306
3152,24.68629830508474
1576,21.31642288135592
1163,21.801449152542375
2156,29.2443220338983
3164,19.455232203389837
978,25.50613559322035
2572,31.55262372881357
4601,28.89114237288135
2541,22.669196610169493
4038,25.539880508474575
139,25.242877118644056
4069,32.03058474576272
5551,24.23191610169492
2418,28.01663474576271
2550,38.592754237288155
812,30.732569491525435
5322,24.073108474576266
2715,26.65729915254237
118,23.539961016949153
1545,24.27087457627118
4241,28.421271186440674
5599,26.951214406779656
3401,30.094398305084738
2385,25.30003644067796
1466,24.109823728813556
1113,36.79762711864407
5343,24.662949152542378
479,32.710508474576294
2045,36.31330847457628
3467,26.40122796610169
2094,24.699017796610168
3302,33.7507406779661
2582,22.52126271186441
3380,33.81647457627118
322,24.767518644067792
5248,26.579067796610175
4299,25.648641525423724
648,29.639049999999994
414,25.4221406779661
255,22.250587288135588
5193,33.00283220338982
2249,30.78023474576272
5030,26.981913559322045
468,32.37063898305085
5746,29.400305084745778
3070,23.247402542372882
3853,29.81558474576272
741,29.36577118644068
2523,22.797387288135596
975,25.864619491525428
1386,33.506635593220345
4078,28.6113
1246,27.912338983050866
5386,26.49475423728814
747,18.47328474576272
2520,19.5516186440678
4986,30.328760169491535
633,29.195432203389828
1705,24.433103389830507
2331,28.97061016949153
2363,25.75484491525423
4461,26.76181016949153
5524,30.342577966101683
3200,37.49505423728812
759,28.68033898305084
2919,27.299093220338975
5372,25.297746610169483
3685,24.095832203389822
3113,21.79773813559322
4603,30.443686440677954
4095,33.28638135593221
5422,23.719508474576276
3595,26.382186440677973
337,23.04882542372883
510,31.231993220338968
3201,34.69835338983051
1600,23.501651694915257
1572,20.497227118644073
5151,30.285864406779663
767,21.17520508474577
3351,29.504845762711863
3872,33.80550847457627
2820,30.470779661016955
88,25.080162711864403
851,30.72766949152545
4015,25.84251694915255
4380,25.9592440677966
4322,23.848164406779656
5646,33.32214406779659
3882,27.51164745762712
926,39.08280508474575
1699,33.83210169491525
243,32.93752542372879
4490,30.98707627118645
2629,22.493550847457627
5,30.155977966101702
3885,34.15601610169493
5763,30.676092372881353
818,31.704963559322024
5429,27.404059322033888
2496,19.31499745762712
552,30.72521610169493
5708,21.778286440677963
471,34.488118644067804
1433,24.915384745762715
1297,25.69975423728815
4256,42.14555084745763
4565,31.553745762711866
4166,34.78529661016947
5853,27.858909322033906
4385,28.3383686440678
1815,28.11289830508473
666,20.278304237288122
2979,23.845911016949167
5404,26.7550313559322
1253,27.26255932203389
2178,31.228144067796602
3478,32.16549152542371
781,31.681208474576277
1462,27.53969322033899
2480,14.25710508474575
1093,21.14641779661018
5170,34.8497627118644
5833,25.592381355932215
1407,26.522033898305082
2426,39.69081101694917
359,16.491618644067792
2344,27.560544915254237
5718,35.83644067796611
4614,26.430940677966113
4774,46.947220338983044
2853,26.830923728813563
280,26.705337288135595
5327,28.46952542372881
1880,18.61965593220339
4298,24.92452966101695
3234,37.804330508474585
2427,25.24307372881355
1964,18.17599237288136
3028,22.90822966101696
1839,26.088807627118644
1844,29.841757627118643
1484,27.162271186440698
1156,28.276033898305087
4903,39.196516949152546
2196,30.849822033898302
2724,31.570371186440696
426,27.268253389830498
3291,34.67679830508476
3905,27.73138813559323
4678,27.890918644067792
3458,37.117644067796604
3787,27.197423728813547
2057,26.768609322033893
2190,29.804889830508486
1724,24.103059322033907
5121,32.68076949152543
1520,27.592915254237287
4716,42.19837288135592
1456,34.321940677966104
1505,21.693071186440676
4190,31.16044915254236
2492,19.582917796610182
400,24.233767796610167
457,34.01943220338985
3481,35.04180508474576
5578,33.23114915254236
5563,37.371855932203395
3279,36.596472033898294
1458,26.526269491525422
3546,27.210169491525434
307,27.07303389830509
4044,38.04202542372882
285,29.363618644067785
3074,22.612610169491525
2369,34.010159322033914
2522,18.573784745762698
803,25.548617796610174
4368,22.412964406779654
1244,26.579483050847475
3823,25.103455932203385
718,42.45218644067798
5229,25.0049720338983
1674,24.970910169491535
1017,28.551144067796614
164,37.482347457627114
2015,26.128135593220332
293,28.746525423728816
5542,24.85505254237288
23,23.113768644067804
4420,28.567606779660995
4198,31.15827966101697
4507,29.888144067796603
3558,30.86259322033897
1230,34.23462711864405
92,19.637657627118646
3482,26.643555932203395
4769,34.49113305084745
5166,35.556957627118635
5461,24.028088983050843
287,30.563589830508484
847,20.423349152542375
893,33.58631355932204
5566,35.757720338983056
4027,26.539270338983044
4033,26.31678644067796
1336,26.29483050847459
3341,33.81100847457627
1283,25.039186440677977
177,27.397058474576273
5409,24.397996610169482
3444,27.96953389830508
1453,24.321913559322038
4366,28.47927203389832
4050,31.553127118644085
711,27.29108728813559
2895,25.679227118644075
2676,18.488367796610166
2220,25.836474576271172
1023,26.247881355932204
2446,22.484355084745776
1438,32.95343220338983
4282,41.81088983050846
5433,34.66184745762713
2647,28.075779661016945
1236,32.43361694915254
2078,28.39946610169491
4204,36.18888983050847
4773,42.57609576271188
4236,38.703059322033894
4277,38.58372288135594
5180,37.21911016949153
4845,25.700553389830503
3319,31.995598305084755
4324,23.83942203389831
2316,31.917018644067813
5390,24.359473728813573
4670,29.744618644067792
3013,26.41663050847457
3405,34.80430508474576
3834,25.141466101694924
4843,44.280457627118665
3769,31.781414406779657
1073,25.970209322033902
4656,29.985016949152538
4286,44.73069491525425
2671,29.507307627118646
1160,19.606459322033896
2011,29.327350847457637
2860,19.705976271186437
5797,22.081646610169496
3755,41.57664406779661
2800,27.358720338983044
1637,29.027923728813537
2905,27.156033898305076
2279,26.663920338983054
3826,23.575449999999993
3609,28.626107627118667
5354,32.08274576271187
4820,39.86647457627117
4882,37.28582203389831
5391,27.35636101694914
2209,33.58093220338981
4875,31.376330508474563
793,37.484110169491515
5628,37.577651694915254
5412,34.34519830508475
2007,22.47315169491525
2587,29.685347457627124
3796,29.86039576271186
4330,18.532750000000004
5805,32.88329661016948
4772,44.74837966101693
5733,27.590762711864418
5772,32.031152542372894
3438,25.897716101694915
4181,27.153677966101675
4075,29.931957627118646
4290,39.25532203389828
4134,32.29224576271186
5367,28.49983050847458
3852,30.012991525423715
2537,18.840227118644076
216,25.413516101694917
2099,30.316733050847446
1960,22.634311864406786
1780,32.37625593220336
5217,26.3889347457627
1957,19.646596610169485
4141,29.967070338983067
395,17.677577118644066
675,30.249382203389832
2799,33.29377966101695
5871,28.48459322033899
2375,25.914192372881352
320,17.157306779661017
729,25.09583813559322
5472,28.180974576271193
2627,27.82650000000002
4735,32.1610593220339
188,26.980228813559325
4913,38.90057627118645
4269,35.71480508474575
386,22.489127966101687
3212,31.6217288135593
4361,24.21109322033899
641,35.23412711864408
1878,25.258903389830508
2066,23.7893220338983
4446,27.3830847457627
3707,25.366347457627132
3855,25.009898305084743
4479,32.15062711864407
259,25.308589830508456
2173,40.71494067796609
4220,34.875686440677974
4623,32.059685593220344
585,30.552463559322025
421,21.960383898305082
2779,42.726508474576235
1051,34.6176279661017
3114,25.745495762711876
556,25.471438983050845
4080,36.861101694915256
5570,29.002923728813542
2403,21.032914406779646
1622,30.74738898305086
4752,43.42968644067798
38,27.575438983050848
2128,23.935256779661007
5734,24.411069491525414
4518,28.80306779661017
4897,26.554025423728827
4017,18.2485440677966
4492,34.57162627118645
1214,24.24376271186441
3119,24.671163559322036
2558,24.347161016949155
3771,32.726277966101705
3894,27.60649830508476
627,24.63304745762713
5219,28.404158474576246
1946,18.90171610169491
4487,25.20884745762712
4288,24.775559322033907
916,32.27877118644068
5351,27.647939830508484
1081,24.968895762711867
70,31.70523728813559
622,37.01328813559322
4625,29.49407542372881
1316,26.892245762711855
5701,34.11658983050846
2726,23.269202542372874
3776,25.6222372881356
5261,32.5625093220339
5834,22.825688135593218
4021,22.079904237288126
3608,32.26088135593219
169,32.80711016949154
1791,23.52676186440678
2366,22.53896355932203
59,41.61950847457626
1829,24.588071186440683
3593,35.946288135593235
2283,28.828606779661037
41,29.67535762711864
4243,28.910025423728804
5753,25.395543220338975
4858,37.856703389830535
821,38.9871406779661
5079,29.10513389830508
1913,17.57355338983051
308,24.918053389830504
2593,29.47453389830508
2755,29.15478898305083
3559,33.06524830508476
2273,26.41675677966101
3015,24.450578813559336
3611,27.90262542372883
5001,22.603441525423733
2729,22.3622779661017
1912,24.329781355932212
717,24.8594872881356
5522,31.061067796610164
730,33.7332033898305
110,27.90576610169493
3342,26.64690677966101
54,36.34932203389831
2957,27.438466949152556
1481,26.853058474576287
2786,20.507847457627122
3739,30.14161610169491
1279,27.87110169491526
1162,30.554347457627095
5194,25.568840677966108
4226,37.877847457627105
4294,33.95832203389831
5508,26.171594915254232
2100,31.729844067796602
4156,25.030738135593225
1714,22.03700169491525
2505,18.32582711864408
4987,25.420033050847476
5377,23.449332203389837
619,25.763124576271192
1895,18.313855932203385
1849,28.86606101694916
2461,24.595565254237314
225,31.15814237288136
5393,24.328334745762717
5825,28.43825084745762
2103,25.65220169491525
3499,30.597389830508465
4935,39.25381355932204
1734,26.698228813559307
2986,25.7835720338983
3036,31.034920338983046
809,37.75607627118642
1476,26.449727118644056
1479,24.954063559322034
2561,29.89265254237288
2839,28.83268050847458
275,28.56487711864406
657,40.539711864406776
4485,34.32125847457626
4624,30.464686440677962
261,23.023727118644054
4622,36.073194915254255
2637,22.817018644067794
5518,29.870274576271182
2584,23.214457627118655
2146,31.50811016949151
448,30.409246610169504
1174,25.792284745762696
681,29.98886440677967
1552,25.85900677966102
607,30.152142372881357
4169,30.780610169491514
5705,31.96165593220338
2625,23.865389830508473
3986,36.129252542372875
922,25.70848305084747
4114,33.631677118644056
1609,16.672908474576268
2113,30.864444915254236
4384,27.078143220338973
3577,31.78911016949152
1294,29.91057627118644
1940,24.12721440677965
3990,36.7203127118644
3687,23.658548305084746
547,27.57037118644068
4051,27.780288135593214
2393,26.671164406779642
663,30.954574576271195
4043,24.80388135593222
5091,31.113775423728807
874,25.105973728813566
1119,25.311752542372883
5207,28.681922033898324
3032,22.46288135593221
1321,26.07075423728814
2668,26.164788135593216
5619,18.836207627118657
5638,30.777313559322035
5874,22.858644915254235
1827,25.901441525423735
1357,27.481010169491537
1350,26.48984491525425
4187,34.17360169491525
208,38.53834745762712
1519,28.731940677966097
5100,33.17445508474576
4589,28.042542372881353
5635,34.88411016949153
846,20.81530084745762
5214,40.49032796610171
3631,24.493550847457623
5487,28.601779661016945
4359,26.165033898305076
1855,32.98239152542372
2792,30.237628813559322
3192,37.24795762711865
3493,34.12101694915253
5521,28.559312711864422
2377,26.924896610169494
4112,29.16033050847459
2088,23.436640677966093
2864,29.689444067796607
551,25.42696610169491
1341,28.598294067796605
2019,23.105507627118637
1910,17.823672033898298
5621,31.53985593220338
3265,28.684372881355927
3802,27.140023728813564
2389,26.314604237288133
4003,25.627282203389818
2247,33.503254237288154
3283,26.040474576271198
1744,28.14880593220337
1565,16.35858983050848
1186,20.864538983050846
4171,36.79588135593221
3700,24.56925423728812
3452,32.8229245762712
5036,31.657556779661025
1723,23.880754237288144
5737,26.636423728813543
142,21.02853983050847
2773,30.811687288135605
3016,18.940716949152527
2738,24.62517118644068
562,25.12927881355932
4804,42.33567796610169
1919,19.12680084745763
3027,29.78640677966101
3523,29.66346610169492
816,32.31664406779662
3574,38.18733050847459
635,32.6388661016949
595,30.006432203389803
2620,28.140477118644068
5624,29.264118644067775
1197,19.493532203389837
3657,24.313333050847465
2334,27.595060169491532
5706,30.80934406779661
4394,23.3038127118644
4740,35.66383983050846
197,28.75784745762712
5206,33.926042372881355
311,19.170504237288146
4313,19.04420169491527
3304,31.550237288135573
4004,28.937525423728808
316,24.34984491525424
1851,28.218685593220332
184,31.041671186440677
775,34.311542372881355
2185,28.441457627118645
3082,26.270773728813566
2246,25.25834830508474
1656,29.14811864406779
4432,34.964881355932185
3363,25.98867796610169
1939,21.36274406779661
1907,18.433911016949164
4504,25.12755169491525
2017,30.02918559322034
4382,27.973783050847462
332,25.412166101694915
5614,29.466296610169483
3625,19.315510169491542
4874,37.31583050847458
2507,24.53437288135593
4496,32.093276271186454
4849,37.50292203389833
4956,35.457576271186454
955,24.486423728813556
1706,22.32471694915256
3155,25.77347711864406
773,22.04865762711864
2596,25.537610169491536
1365,35.57375423728814
1201,29.72188983050847
2009,23.33985762711866
1091,37.946906779661035
4544,29.84424067796611
2825,30.415050847457646
2732,24.92574576271186
2,22.474649152542366
3159,24.805122881355928
5066,29.2067966101695
2727,33.46154915254237
3009,30.415402542372885
565,24.610295762711857
2219,39.27798305084745
1060,29.71880423728812
3450,31.58554237288135
959,25.189610169491523
3061,27.25745254237287
1830,27.184721186440676
1181,19.434489830508483
3851,31.73675423728813
5687,23.111766949152553
473,30.71927203389832
4172,29.21862711864405
2730,19.975999152542382
2577,26.19894915254236
2396,22.23560423728813
27,27.10471186440677
3777,32.012144067796605
603,27.109271186440683
3225,30.603627118644077
3066,23.78500762711864
3860,37.985152542372866
4494,31.78106779661017
3195,32.41352542372882
3891,21.52020423728814
5554,25.383737288135606
4008,26.878873728813556
894,31.970881355932196
1509,25.803020338983064
1254,28.254025423728816
2689,25.623508474576276
5287,34.23966101694916
2795,33.3755
4896,40.47283898305085
1370,24.168450847457628
1411,26.501101694915253
411,22.77316610169491
5446,27.559982203389822
1811,26.93533898305086
2733,25.485466101694914
532,24.793162711864397
1846,31.237405932203405
4321,24.918700847457618
4200,30.412923728813556
2040,25.0874974576271
5337,26.56104406779661
5027,27.628425423728796
1273,24.753075423728795
3494,32.021271186440686
792,27.693880508474585
1692,27.636711016949157
2285,24.935461864406765
1262,34.5442186440678
2380,29.884109322033904
484,37.69685593220339
1682,29.060322033898302
3391,28.022567796610165
3929,21.907316949152555
1468,25.134876271186428
1804,26.289193220338984
3077,19.84709237288135
71,23.04556355932203
5435,28.66925169491524
5052,18.489985593220347
3073,26.181000847457625
19,29.272914406779652
3068,23.936898305084753
4977,32.35890677966102
4400,31.049211864406796
986,26.079889830508485
5798,24.66591610169493
5627,32.006813559322026
1208,26.333500000000008
2874,26.63425593220339
2804,26.622756779661007
5019,25.80167118644068
932,27.1603813559322
3242,35.423593220339
131,20.140042372881354
1653,24.567549999999994
1399,31.749330508474575
2610,25.602728813559327
1882,19.287666949152538
3988,22.994900000000005
375,18.249846610169488
2743,17.89970338983052
5839,24.895041525423725
1258,23.929398305084746
1902,19.63997288135593
1245,26.683406779661013
1040,29.479427966101692
5576,31.689906779660998
465,28.143051694915265
3053,25.775694915254217
80,25.75363305084746
3367,28.881788135593222
1794,21.160250000000005
4651,26.436516949152548
2411,29.29276864406779
2090,25.827144067796592
5759,24.140182203389845
931,26.22393220338983
5335,27.73133813559323
2348,24.739905084745754
2538,18.752385593220332
4842,28.796196610169503
2782,30.680101694915262
32,27.691805084745763
2376,26.170543220338978
1831,28.475335593220336
2757,24.143398305084744
481,25.624134745762714
